link;title;year;streamings;synopsis_content;synopsis_lemming;synopsis_stemming;just_watch_rating;rotten_tomatoes_rating;imdb_ratings;genres;movie_duration;age_classification
https://www.justwatch.com/br/filme/superman-legacy;Superman(2025);(2025);['Apple TV', 'Apple TV', 'Apple TV', 'Amazon Prime Video', 'Claro tv+', 'Amazon Video', 'Amazon Video'];Ser um dos maiores símbolos de esperança não é fácil, e Clark Kent precisa reconciliar sua herança como Super-Homem com sua criação humana. Em um mundo que vê bondade como antiquada, Clark vira o herói que engloba verdade e justiça.;['maiores', 'símbolos', 'esperança', 'fácil', 'clark', 'kent', 'precisa', 'reconciliar', 'herança', 'superhomem', 'criação', 'humana', 'mundo', 'bondade', 'antiquada', 'clark', 'vira', 'herói', 'engloba', 'verdade', 'justiça'];['mai', 'símbol', 'esperanç', 'fácil', 'clark', 'kent', 'precis', 'reconcili', 'heranç', 'superhom', 'cri', 'human', 'mund', 'vê', 'bondad', 'antiqu', 'clark', 'vir', 'heró', 'englob', 'verdad', 'justiç'];91%(5k);83%;7.2  (281k);['Ação & Aventura', 'Ficção Científica', 'Fantasia', 'Super-Herói'];2h 10min;14
https://www.justwatch.com/br/filme/f1;F1 - O Filme(2025);(2025);['Apple TV', 'Apple TV', 'Apple TV', 'Amazon Prime Video', 'Kinoplex', 'Claro tv+', 'Amazon Video', 'Amazon Video'];Focando no ex-piloto de Fórmula 1, Sonny Hayes (Brad Pitt), um piloto rebelde dispostos a arriscar tudo retorna as pistas 30 anos após um terrível acidente. Agora, o veterano das pistas monta uma estratégia para apoiar o novato, Joshua Pearce (Damson Idris), e revitalizar o time.;['focando', 'expiloto', 'fórmula', 'sonny', 'hayes', 'brad', 'pitt', 'piloto', 'rebelde', 'dispostos', 'arriscar', 'tudo', 'retorna', 'pistas', 'ano', 'após', 'terrível', 'acidente', 'agora', 'veterano', 'pistas', 'monta', 'estratégia', 'apoiar', 'novato', 'joshua', 'pearce', 'damson', 'idris', 'revitalizar', 'time'];['foc', 'expilot', 'fórmul', '1', 'sonny', 'hay', 'brad', 'pitt', 'pilot', 'rebeld', 'dispost', 'arrisc', 'tud', 'retorn', 'pist', '30', 'ano', 'após', 'terr', 'acid', 'agor', 'veter', 'pist', 'mont', 'estratég', 'apoi', 'novat', 'joshu', 'pearc', 'damson', 'idril', 'revital', 'tim'];95%(3.6k);82%;7.8  (203k);['Ação & Aventura', 'Drama', 'Esporte & Fitness', 'Drama Esportivo'];2h 36min;12
https://www.justwatch.com/br/filme/weapons-2025;Hora do Desaparecimento(2025);(2025);['UCIcinemas', 'Cinesystem Cinemas', 'Amazon Prime Video', 'Amazon Video'];Em uma pequena cidade, um evento inexplicável rasga a normalidade: todas as crianças de uma mesma turma desaparecem na mesma noite, no mesmo instante — exceto uma. Enquanto a comunidade se desespera entre teorias e suspeitas, a garota restante guarda um segredo perturbador. O que aconteceu naquela hora fatídica? E por que ela foi poupada?;['pequena', 'cidade', 'evento', 'inexplicável', 'rasga', 'normalidade', 'toda', 'crianças', 'mesma', 'turma', 'desaparecem', 'mesma', 'noite', 'instante', 'exceto', 'enquanto', 'comunidade', 'desespera', 'teorias', 'suspeitas', 'garota', 'restante', 'guarda', 'segredo', 'perturbador', 'aconteceu', 'naquela', 'hora', 'fatídica', 'poupada'];['pequen', 'cidad', 'event', 'inexplic', 'rasg', 'normal', 'tod', 'crianç', 'mesm', 'turm', 'desaparec', 'mesm', 'noit', 'instant', '—', 'excet', 'enquant', 'comunidad', 'desesp', 'teor', 'suspeit', 'garot', 'rest', 'guard', 'segred', 'perturb', 'acontec', 'naquel', 'hor', 'fatíd', 'poup'];92%(2.4k);94%;7.6  (132k);['Terror', 'Mistério & Thriller', 'Suspense de Terror'];2h 9min;18
https://www.justwatch.com/br/filme/thunderbolts;Os Novos Vingadores(2025);(2025);['Disney Plus', 'Disney Plus', 'Amazon Prime Video'];O que acontece quando um grupo improvável com heróis e anti-heróis se forma? Bucky, Yelena, Wyatt e o Guardião Vermelho são apenas o começo dos Thunderbolts que lutam juntos para salvar o mundo.;['acontece', 'grupo', 'improvável', 'heróis', 'antiheróis', 'forma', 'bucky', 'yelena', 'wyatt', 'guardião', 'vermelho', 'apenas', 'começo', 'thunderbolt', 'lutam', 'junto', 'salvar', 'mundo'];['acontec', 'grup', 'improv', 'herol', 'antiherol', 'form', 'bucky', 'yelen', 'wyatt', 'guard', 'vermelh', 'apen', 'começ', 'thunderbolt', 'lut', 'junt', 'salv', 'mund'];92%(7.2k);88%;7.2  (212k);['Ação & Aventura', 'Crime', 'Drama', 'Fantasia', 'Ficção Científica', 'Super-Herói'];2h 7min;14
https://www.justwatch.com/br/filme/pecadores;Pecadores(2025);(2025);['HBO Max Amazon Channel', 'Apple TV', 'Apple TV', 'Apple TV', 'Amazon Prime Video', 'Claro tv+', 'Amazon Video', 'Amazon Video', 'HBO Max Amazon Channel', 'HBO Max'];Retornando para sua cidade natal em busca de uma nova vida, os irmãos gêmeos tentam colocar o passado devastador para trás. Porém, eles logo descobrem que forças muito mais sombrias estão os esperando.;['retornando', 'cidade', 'natal', 'busca', 'nova', 'vida', 'irmãos', 'gêmeos', 'tentam', 'colocar', 'passado', 'devastador', 'trás', 'porém', 'logo', 'descobrem', 'forças', 'sombrias', 'esperando'];['retorn', 'cidad', 'natal', 'busc', 'nov', 'vid', 'irm', 'gême', 'tent', 'coloc', 'pass', 'devast', 'trá', 'porém', 'log', 'descobr', 'forç', 'sombr', 'esper'];89%(12k);97%;7.6  (275k);['Ação & Aventura', 'Drama', 'Terror', 'Música & Musical', 'Mistério & Thriller', 'Suspense de Terror'];2h 17min;16
https://www.justwatch.com/br/filme/missao-impossivel-ajuste-de-contas-parte-dois;Missão: Impossível - O Acerto Final(2025);(2025);['Apple TV', 'Apple TV', 'Apple TV', 'Amazon Prime Video', 'Claro tv+', 'Amazon Video', 'Amazon Video'];Ethan Hunt e sua equipe de espiões continuam em busca da Entidade após o fim de Missão Impossível: Acerto de Contas. Como a segunda parte do filme, Ethan faz de tudo para derrotar Gabriel e destruir a Entidade, antes que a Inteligência Artificial seja usada para dominar o mundo.;['ethan', 'hunt', 'equipe', 'espiões', 'continuam', 'busca', 'entidade', 'após', 'fim', 'missão', 'impossível', 'acerto', 'contas', 'segunda', 'parte', 'filme', 'ethan', 'faz', 'tudo', 'derrotar', 'gabriel', 'destruir', 'entidade', 'ante', 'inteligência', 'artificial', 'usada', 'dominar', 'mundo'];['ethan', 'hunt', 'equip', 'espiã', 'continu', 'busc', 'entidad', 'após', 'fim', 'miss', 'imposs', 'acert', 'cont', 'segund', 'part', 'film', 'ethan', 'faz', 'tud', 'derrot', 'gabriel', 'destru', 'entidad', 'ant', 'intelig', 'artific', 'us', 'domin', 'mund'];91%(2.9k);80%;7.3  (158k);['Ação & Aventura', 'Mistério & Thriller', 'Espionagem', 'Thriller de Ação'];2h 50min;14
https://www.justwatch.com/br/filme/the-thursday-murder-club;O Clube do Crime das Quintas-Feiras(2025);(2025);['Netflix', 'Netflix Standard with Ads', 'Amazon Prime Video'];Por diversão, um grupo de aposentados se encontra toda quinta-feira para investigar casos antigos arquivados pela polícia. Porém, eles acabam envolvidos na investigação que toma um rumo bem perigoso quando se deparam com um assassinato misterioso.;['diversão', 'grupo', 'aposentados', 'encontra', 'toda', 'quintafeira', 'investigar', 'casos', 'antigos', 'arquivados', 'polícia', 'porém', 'acabam', 'envolvidos', 'investigação', 'toma', 'rumo', 'bem', 'perigoso', 'deparam', 'assassinato', 'misterioso'];['divers', 'grup', 'aposent', 'encontr', 'tod', 'quintaf', 'investig', 'cas', 'antig', 'arquiv', 'políci', 'porém', 'acab', 'envolv', 'investig', 'tom', 'rum', 'bem', 'perig', 'dep', 'assassinat', 'misteri'];88%(2.7k);78%;6.6  (46k);['Mistério & Thriller', 'Crime', 'Comédia', 'Thriller de Mistério'];1h 58min;12
https://www.justwatch.com/br/filme/bring-her-back;Volta Para Mim(2025);(2025);['UCIcinemas', 'Cinesystem Cinemas', 'Amazon Prime Video'];Em um terror da A24 dirigido por Danny e Michael Philippou, dois irmãos descobrem segredos malignos na casa de sua mãe adotiva. Nesta casa no meio do nada, eles descobrem sobre um ritual aterrorizante capaz de destruir a relação dos dois.;['terror', 'dirigido', 'danny', 'michael', 'philippou', 'doi', 'irmãos', 'descobrem', 'segredos', 'malignos', 'casa', 'mãe', 'adotiva', 'nesta', 'casa', 'meio', 'nada', 'descobrem', 'sobre', 'ritual', 'aterrorizante', 'capaz', 'destruir', 'relação', 'doi'];['terr', 'a24', 'dirig', 'danny', 'michael', 'philipp', 'doi', 'irm', 'descobr', 'segred', 'malign', 'cas', 'mãe', 'adot', 'nest', 'cas', 'mei', 'nad', 'descobr', 'sobr', 'rit', 'aterroriz', 'capaz', 'destru', 'relaç', 'doi'];90%(1.6k);89%;7.2  (68k);['Terror', 'Suspense de Terror'];1h 44min;18
https://www.justwatch.com/br/filme/the-brutalist;O Brutalista(2024);(2024);['Amazon Prime Video', 'Apple TV', 'Amazon Prime Video', 'Apple TV', 'Amazon Prime Video', 'Apple TV', 'Cinemark', 'Centerplex Cinemas', 'Amazon Video', 'Amazon Video', 'Claro video', 'Amazon Prime Video with Ads'];László Toth é um arquiteto visionário que se muda para a América com sua esposa em 1947, fugindo de uma Europa devastada. Procurando por uma vida melhor, eles se deparam com um cliente rico que dá a oportunidade que pode mudar suas vidas para sempre.;['lászló', 'toth', 'arquiteto', 'visionário', 'muda', 'américa', 'esposa', 'fugindo', 'europa', 'devastada', 'procurando', 'vida', 'melhor', 'deparam', 'cliente', 'rico', 'oportunidade', 'pode', 'mudar', 'vidas', 'sempre'];['lászló', 'toth', 'arquitet', 'vision', 'mud', 'amér', 'esp', '1947', 'fug', 'europ', 'devast', 'procur', 'vid', 'melhor', 'dep', 'client', 'ric', 'dá', 'oportun', 'pod', 'mud', 'vid', 'sempr'];79%(3.7k);93%;7.3  (102k);['Drama'];3h 35min;18
https://www.justwatch.com/br/filme/jurassic-world-4;Jurassic World: Recomeço(2025);(2025);['Apple TV', 'Apple TV', 'Apple TV', 'Amazon Prime Video', 'Claro tv+', 'Amazon Video', 'Amazon Video'];Reiniciando a franquia, Zora Bennett é uma mercenária contratada por uma empresa farmacêutica que promete desenvolver uma cura lucrativa sem igual. Se passando anos após os eventos de Jurassic World: Domínio, Zora lidera um grupo para encontrar e coletar o DNA dos últimos dinossauros vivendo no equador.;['reiniciando', 'franquia', 'zora', 'bennett', 'mercenária', 'contratada', 'empresa', 'farmacêutica', 'promete', 'desenvolver', 'cura', 'lucrativa', 'igual', 'passando', 'ano', 'após', 'eventos', 'jurassic', 'world', 'domínio', 'zora', 'lidera', 'grupo', 'encontrar', 'coletar', 'dna', 'últimos', 'dinossauros', 'vivendo', 'equador'];['reinici', 'franqu', 'zor', 'bennett', 'mercenár', 'contrat', 'empr', 'farmac', 'promet', 'desenvolv', 'cur', 'lucr', 'igual', 'pass', 'ano', 'após', 'event', 'jurassic', 'world', 'domíni', 'zor', 'lid', 'grup', 'encontr', 'colet', 'dna', 'últ', 'dinossaur', 'viv', 'equ'];76%(2.7k);50%;5.9  (132k);['Mistério & Thriller', 'Ação & Aventura', 'Ficção Científica', 'Robôs'];2h 13min;14
https://www.justwatch.com/br/filme/night-always-comes;A Noite Sempre Chega(2025);(2025);['Netflix', 'Netflix Standard with Ads', 'Amazon Prime Video'];Lynette (Vanessa Kirby) fica preocupada com a vida de sua mãe e seu irmão Kenny, tendo que salvar sua família do despejo. Embarcando pelo submundo do crime, ela se torna uma anti-heroína para arrecadar o dinheiro necessário.;['lynette', 'vanessa', 'kirby', 'fica', 'preocupada', 'vida', 'mãe', 'irmão', 'kenny', 'tendo', 'salvar', 'família', 'despejo', 'embarcando', 'submundo', 'crime', 'torna', 'antiheroína', 'arrecadar', 'dinheiro', 'necessário'];['lynett', 'vaness', 'kirby', 'fic', 'preocup', 'vid', 'mãe', 'irm', 'kenny', 'tend', 'salv', 'famíl', 'despej', 'embarc', 'submund', 'crim', 'torn', 'antiheroín', 'arrecad', 'dinh', 'necess'];68%(746);53%;5.9  (11k);['Drama', 'Crime', 'Mistério & Thriller', 'Crime Sombrio'];1h 48min;16
https://www.justwatch.com/br/filme/28-years-later;28 Anos Depois(2025);(2025);['Apple TV', 'Apple TV', 'Apple TV', 'Amazon Prime Video', 'Claro tv+', 'Amazon Video', 'Amazon Video', 'Claro video', 'Netflix'];28 anos após a praga de infectados violentos atingir a Grã-Bretanha, um grupo isolado em uma ilha, vive aparado por um muro. Quando um jovem sai da ilha em uma missão importante, ele descobre novos horrores e mutações que impactaram os infectados e os sobreviventes.;['ano', 'após', 'praga', 'infectados', 'violentos', 'atingir', 'grãbretanha', 'grupo', 'isolado', 'ilha', 'vive', 'aparado', 'muro', 'jovem', 'sai', 'ilha', 'missão', 'importante', 'descobre', 'novos', 'horrores', 'mutações', 'impactaram', 'infectados', 'sobreviventes'];['28', 'ano', 'após', 'prag', 'infect', 'violent', 'ating', 'grãbretanh', 'grup', 'isol', 'ilh', 'viv', 'apar', 'mur', 'jov', 'sai', 'ilh', 'miss', 'import', 'descobr', 'nov', 'horr', 'mut', 'impact', 'infect', 'sobreviv'];81%(2.8k);89%;6.7  (128k);['Ficção Científica', 'Mistério & Thriller', 'Terror', 'Suspense de Terror'];1h 55min;18
https://www.justwatch.com/br/filme/exterminio;28 Dias Depois(2002);(2002);['HBO Max Amazon Channel', 'Apple TV', 'Apple TV', 'Apple TV', 'Amazon Prime Video', 'Claro tv+', 'Amazon Video', 'Amazon Video', 'Claro video', 'HBO Max Amazon Channel', 'HBO Max'];Quando um vírus sem cura espalha pelo Reino Unido em 28 dias, os infectados se tornam assassinos mortos-vivos. Enquanto isso, os pouco sobreviventes tentam achar um santuário antes que seja tarde de mais.;['vírus', 'cura', 'espalha', 'reino', 'unido', 'dia', 'infectados', 'tornam', 'assassinos', 'mortosvivos', 'enquanto', 'pouco', 'sobreviventes', 'tentam', 'achar', 'santuário', 'ante', 'tarde'];['víru', 'cur', 'espalh', 'rein', 'unid', '28', 'dia', 'infect', 'torn', 'assassin', 'mortosv', 'enquant', 'pouc', 'sobreviv', 'tent', 'ach', 'santu', 'ant', 'tard'];94%(20k);87%;7.5  (516k);['Terror', 'Ficção Científica', 'Mistério & Thriller', 'Drama', 'Ficção Científica de Zumbi'];1h 53min;16
https://www.justwatch.com/br/filme/anora;Anora(2024);(2024);['Amazon Prime Video', 'Apple TV', 'Amazon Prime Video', 'Apple TV', 'Amazon Prime Video', 'Apple TV', 'Cinemark', 'Amazon Video', 'Amazon Video', 'Claro video', 'Amazon Prime Video with Ads'];Anora, uma jovem trabalhadora do sexo, é levada para fora da sua vida cotidiana como dançarina erótica pelo filho impulsivo de um oligarca russo. Eles se casam, mas os pais do noivo farão de tudo para anular a união.;['anora', 'jovem', 'trabalhadora', 'sexo', 'levada', 'vida', 'cotidiana', 'dançarina', 'erótica', 'filho', 'impulsivo', 'oligarca', 'russo', 'casam', 'pais', 'noivo', 'farão', 'tudo', 'anular', 'união'];['anor', 'jov', 'trabalh', 'sex', 'lev', 'vid', 'cotidi', 'dançarin', 'eró', 'filh', 'impuls', 'oligarc', 'russ', 'cas', 'pal', 'noiv', 'far', 'tud', 'anul', 'uni'];82%(11k);93%;7.4  (225k);['Comédia', 'Drama', 'Romance', 'Drama Emocionante', 'Comédia Dramática'];2h 19min;16
https://www.justwatch.com/br/filme/highest-2-lowest;Céus e Infernos(2025);(2025);['Apple TV+', 'Apple TV+', 'Apple TV Plus Amazon Channel', 'Apple TV+'];Neste filme da A24, o magnata da música, David King (Denzel Washington), é conhecido como um dos melhores do ramo. Mas quando tentam raptar o seu filho, ele fica preso em um dilema moral complexo em meio ao resgate.;['neste', 'filme', 'magnata', 'música', 'david', 'king', 'denzel', 'washington', 'conhecido', 'melhores', 'ramo', 'tentam', 'raptar', 'filho', 'fica', 'preso', 'dilema', 'moral', 'complexo', 'meio', 'resgate'];['nest', 'film', 'a24', 'magnat', 'músic', 'david', 'king', 'denzel', 'washington', 'conhec', 'melhor', 'ram', 'tent', 'rapt', 'filh', 'fic', 'pres', 'dilem', 'moral', 'complex', 'mei', 'resgat'];57%(585);86%;5.7  (16k);['Mistério & Thriller', 'Crime', 'Drama'];2h 13min;16
https://www.justwatch.com/br/filme/lilo-and-stitch-2024;Lilo & Stitch(2025);(2025);['Disney Plus', 'Disney Plus', 'Amazon Prime Video'];Após perder os pais, Lilo mora com sua irmã, Nani, levando uma vida solitária, quando conhece Stitch. Pensando que o pequeno alienígena é um cachorro, Lilo tenta treinar essa máquina de caos, mas ele traz mais confusões para a vida das irmãs. Apesar disso, eles formam uma conexão improvável, que demonstra o verdadeiro significado de família.;['após', 'perder', 'pais', 'lilo', 'mora', 'irmã', 'nani', 'levando', 'vida', 'solitária', 'conhece', 'stitch', 'pensando', 'pequeno', 'alienígena', 'cachorro', 'lilo', 'tenta', 'treinar', 'máquina', 'caos', 'traz', 'confusões', 'vida', 'irmãs', 'apesar', 'disso', 'formam', 'conexão', 'improvável', 'demonstra', 'verdadeiro', 'significado', 'família'];['após', 'perd', 'pal', 'lil', 'mor', 'irmã', 'nan', 'lev', 'vid', 'solitár', 'conhec', 'stitch', 'pens', 'pequen', 'alienígen', 'cachorr', 'lil', 'tent', 'trein', 'máquin', 'cao', 'traz', 'confus', 'vid', 'irmã', 'apes', 'diss', 'form', 'conex', 'improv', 'demonstr', 'verd', 'signific', 'famíl'];89%(2.5k);72%;6.7  (73k);['Ação & Aventura', 'Comédia', 'Drama', 'Família', 'Fantasia', 'Ficção Científica', 'Live-Action'];1h 48min;10
https://www.justwatch.com/br/filme/materialists;O Match Perfeito(2025);(2025);['Apple TV', 'Apple TV', 'UCIcinemas', 'Amazon Prime Video', 'Cinesystem Cinemas', 'Claro tv+', 'Amazon Video'];Lucy (Dakota Johnson) é uma casamenteira de sucesso que busca encontrar o amor perfeito para todos os seus clientes. Porém, na sua vida pessoal ela fica em meio a um triângulo amoroso após começar um relacionamento com um homem rico (Pedro Pascal) e reencontrar um antigo amor imperfeito (Chris Evans).;['lucy', 'dakota', 'johnson', 'casamenteira', 'sucesso', 'busca', 'encontrar', 'amor', 'perfeito', 'todos', 'clientes', 'porém', 'vida', 'pessoal', 'fica', 'meio', 'triângulo', 'amoroso', 'após', 'começar', 'relacionamento', 'homem', 'rico', 'pedro', 'pascal', 'reencontrar', 'antigo', 'amor', 'imperfeito', 'chris', 'evans'];['lucy', 'dakot', 'johnson', 'casament', 'sucess', 'busc', 'encontr', 'am', 'perfeit', 'tod', 'client', 'porém', 'vid', 'pessoal', 'fic', 'mei', 'triângul', 'amor', 'após', 'começ', 'relacion', 'hom', 'ric', 'pedr', 'pasc', 'reencontr', 'antig', 'am', 'imperfeit', 'chril', 'ev'];79%(1k);79%;6.3  (52k);['Romance', 'Drama', 'Comédia', 'Comédia Romântica'];1h 56min;14
https://www.justwatch.com/br/filme/ballerina;Do Universo de John Wick: Ballerina(2025);(2025);['Apple TV', 'Apple TV', 'Apple TV', 'Amazon Prime Video', 'Claro tv+', 'Amazon Video', 'Amazon Video', 'Claro video'];A academia de dança não é para é uma simples escola de ballet e, sim, uma escola de assassinas. Esta bailarina (Ana de Armas) usa todo o seu treinamento para se vingar de todos os responsáveis pela morte de sua família.;['academia', 'dança', 'simple', 'escola', 'ballet', 'sim', 'escola', 'assassinas', 'bailarina', 'ana', 'armas', 'usa', 'todo', 'treinamento', 'vingar', 'todos', 'responsáveis', 'morte', 'família'];['academ', 'danç', 'simpl', 'escol', 'ballet', 'sim', 'escol', 'assassin', 'bailarin', 'ana', 'arm', 'usa', 'tod', 'trein', 'ving', 'tod', 'respons', 'mort', 'famíl'];91%(2.5k);76%;6.9  (98k);['Ação & Aventura', 'Mistério & Thriller', 'Crime', 'Thriller de Ação'];2h 5min;18
https://www.justwatch.com/br/filme/together-2025;Juntos(2025);(2025);['JustWatch', 'Amazon Prime Video'];Tim e Millie encontram-se numa encruzilhada na sua relação quando se mudam para o campo, abandonando tudo o que lhes é familiar, exceto um ao outro. Com as tensões já exacerbadas, um encontro com uma força misteriosa e sobrenatural ameaça corromper as suas vidas, o seu amor e os seus corpos.;['tim', 'millie', 'encontramse', 'encruzilhada', 'relação', 'mudam', 'campo', 'abandonando', 'tudo', 'familiar', 'exceto', 'outro', 'tensões', 'exacerbadas', 'encontro', 'força', 'misteriosa', 'sobrenatural', 'ameaça', 'corromper', 'vidas', 'amor', 'corpos'];['tim', 'milli', 'encontrams', 'encruzilh', 'relaç', 'mud', 'camp', 'abandon', 'tud', 'famili', 'excet', 'outr', 'tens', 'exacerb', 'encontr', 'forç', 'misteri', 'sobrenat', 'ameaç', 'corromp', 'vid', 'am', 'corp'];87%(648);90%;6.8  (35k);['Terror', 'Romance', 'Ficção Científica', 'Comédia Romântica'];1h 41min;16
https://www.justwatch.com/br/filme/incendios;Incendies - A Mulher que Canta(2010);(2010);['Reserva Imovision Amazon Channel', 'Amazon Prime Video'];Em um filme de Denis Villeneuve, os irmãos gêmeos, Jeanne e Simon, vão ao notário para descobrir mais sobre o testamento após perderem a mãe. Apenas na morte, eles descobrem que sua mãe deixou dois envelopes, um para seu pai (que acreditavam estar morto) e um para seu irmão (que não sabiam da existência), lançando os gêmeos em uma jornada sobre o passado de sua mãe.;['filme', 'denis', 'villeneuve', 'irmãos', 'gêmeos', 'jeanne', 'simon', 'vão', 'notário', 'descobrir', 'sobre', 'testamento', 'após', 'perderem', 'mãe', 'apenas', 'morte', 'descobrem', 'mãe', 'deixou', 'doi', 'envelope', 'pai', 'acreditavam', 'morto', 'irmão', 'sabiam', 'existência', 'lançando', 'gêmeos', 'jornada', 'sobre', 'passado', 'mãe'];['film', 'denil', 'villeneuv', 'irm', 'gême', 'jeann', 'simon', 'vão', 'not', 'descobr', 'sobr', 'test', 'após', 'perd', 'mãe', 'apen', 'mort', 'descobr', 'mãe', 'deix', 'doi', 'envelop', 'pai', 'acredit', 'mort', 'irm', 'sab', 'exist', 'lanç', 'gême', 'jorn', 'sobr', 'pass', 'mãe'];92%(5.3k);91%;8.3  (236k);['Drama', 'Europeu', 'Guerra & Militar', 'Drama de Guerra'];2h 11min;14
https://www.justwatch.com/br/filme/the-monkey;O Macaco(2025);(2025);['Amazon Prime Video', 'Apple TV', 'Amazon Prime Video', 'Apple TV', 'Amazon Prime Video', 'Apple TV', 'Cinemark', 'Centerplex Cinemas', 'Amazon Video', 'Amazon Video', 'Claro video', 'Amazon Prime Video with Ads'];Explorando o sótão do pai deles, os irmãos Gêmeos, Bill e Hal acabam encontrando um macaco que parece um brinquedo. Porém, quando mortes bizarras começam a acontecer, eles decidem jogar fora o macaco, tomando rumos diferentes com o passar dos anos, mas se reencontrando em uma série de eventos terríveis.;['explorando', 'sótão', 'pai', 'irmãos', 'gêmeos', 'bill', 'hal', 'acabam', 'encontrando', 'macaco', 'parece', 'brinquedo', 'porém', 'mortes', 'bizarras', 'começam', 'acontecer', 'decidem', 'jogar', 'macaco', 'tomando', 'rumos', 'diferentes', 'passar', 'ano', 'reencontrando', 'série', 'eventos', 'terríveis'];['explor', 'sót', 'pai', 'irm', 'gême', 'bill', 'hal', 'acab', 'encontr', 'macac', 'parec', 'brinqued', 'porém', 'mort', 'biz', 'começ', 'acontec', 'decid', 'jog', 'macac', 'tom', 'rum', 'difer', 'pass', 'ano', 'reencontr', 'séri', 'event', 'terr'];75%(2.8k);77%;5.9  (76k);['Comédia', 'Terror', 'Comédia de Terror'];1h 37min;18
https://www.justwatch.com/br/filme/amateur-2024;O Amador(2025);(2025);['Disney Plus', 'Disney Plus', 'Amazon Prime Video'];Charles Heller (Rami Malek) chantageia a própria agência para se infiltrar no submundo do terrorismo, descobrindo que aliados e inimigos são igualmente traiçoeiros. Cada passo em sua jornada de sangue e dor revela que o sistema que jurou proteger está tão corrompido quanto os criminosos que persegue.;['charles', 'heller', 'ramus', 'malek', 'chantageia', 'própria', 'agência', 'infiltrar', 'submundo', 'terrorismo', 'descobrindo', 'aliados', 'inimigos', 'igualmente', 'traiçoeiros', 'cada', 'passo', 'jornada', 'sangue', 'dor', 'revela', 'sistema', 'jurou', 'proteger', 'tão', 'corrompido', 'quanto', 'criminosos', 'persegue'];['charl', 'hell', 'ram', 'malek', 'chantage', 'própr', 'agênc', 'infiltr', 'submund', 'terror', 'descobr', 'ali', 'inimig', 'igual', 'traiço', 'cad', 'pass', 'jorn', 'sang', 'dor', 'revel', 'sistem', 'jur', 'proteg', 'tão', 'corromp', 'quant', 'crimin', 'perseg'];89%(4.6k);62%;6.5  (77k);['Ação & Aventura', 'Mistério & Thriller', 'Thriller de Ação'];2h 2min;14
https://www.justwatch.com/br/filme/a-vida-de-chuck;A Vida de Chuck(2025);(2025);['UCIcinemas', 'Cinesystem Cinemas', 'Amazon Prime Video'];Contando a história de Charles Krantz (Tom Hiddleston), essa adaptação foca nos eventos que moldaram sua vida. Começando com sua morte aos 39 anos, a vida de Charles foi marcada por mistérios e transformações que permearam sua existência.;['contando', 'história', 'charles', 'krantz', 'tom', 'hiddleston', 'adaptação', 'foca', 'eventos', 'moldaram', 'vida', 'começando', 'morte', 'ano', 'vida', 'charles', 'marcada', 'mistérios', 'transformações', 'permearam', 'existência'];['cont', 'histór', 'charl', 'krantz', 'tom', 'hiddleston', 'adapt', 'foc', 'event', 'mold', 'vid', 'começ', 'mort', '39', 'ano', 'vid', 'charl', 'marc', 'mistéri', 'transform', 'perme', 'exist'];85%(558);80%;7.4  (30k);['Fantasia', 'Drama', 'Ficção Científica', 'Drama de Ficção Científica'];1h 51min;12
https://www.justwatch.com/br/filme/exterminio-2;Extermínio 2(2007);(2007);['Disney Plus', 'HBO Max Amazon Channel', 'Disney Plus', 'Netflix', 'Amazon Prime Video', 'Netflix Standard with Ads', 'Claro tv+', 'HBO Max Amazon Channel', 'HBO Max'];Os Estados Unidos começam a reconstruir o país após vencerem a guerra contra o vírus que aniquilou a Grã-Bretanha há 6 meses. Porém, a primeira leva de refugiados traz uma variação ainda mais mortal do vírus.;['estados', 'unidos', 'começam', 'reconstruir', 'país', 'após', 'vencerem', 'guerra', 'contra', 'vírus', 'aniquilou', 'grãbretanha', 'meses', 'porém', 'primeira', 'lev', 'refugiados', 'traz', 'variação', 'ainda', 'mortal', 'vírus'];['est', 'unid', 'começ', 'reconstru', 'país', 'após', 'venc', 'guerr', 'contr', 'víru', 'aniquil', 'grãbretanh', '6', 'mes', 'porém', 'prim', 'lev', 'refugi', 'traz', 'vari', 'aind', 'mort', 'víru'];91%(14k);73%;6.9  (343k);['Terror', 'Ficção Científica', 'Mistério & Thriller', 'Ficção Científica de Zumbi'];1h 39min;16
https://www.justwatch.com/br/filme/the-naked-gun-2025;Corra que a Polícia Vem Aí!(2025);(2025);['Cinesystem Cinemas', 'Amazon Prime Video', 'Paramount Plus'];Liam Neeson é o protagonista Frank Drebin Jr. nessa nova adaptação deCorra que a Polícia Vem Aí.Comandando o esquadrão da polícia, ele tenta seguir os passos de seu pai e salvar o mundo em uma aventura hilária.;['liam', 'neeson', 'protagonista', 'frank', 'drebin', 'nessa', 'nova', 'adaptação', 'decorra', 'polícia', 'vem', 'aícomandando', 'esquadrão', 'polícia', 'tenta', 'seguir', 'passos', 'pai', 'salvar', 'mundo', 'aventura', 'hilária'];['li', 'neeson', 'protagon', 'frank', 'drebin', 'jr', 'ness', 'nov', 'adapt', 'decorr', 'políci', 'vem', 'aícomand', 'esquadr', 'políci', 'tent', 'segu', 'pass', 'pai', 'salv', 'mund', 'avent', 'hilár'];85%(874);88%;6.6  (56k);['Crime', 'Ação & Aventura', 'Comédia', 'Ação e Comédia'];1h 25min;14
https://www.justwatch.com/br/filme/karate-kid-lendas;Karate Kid: Os Campeões(2025);(2025);['HBO Max Amazon Channel', 'Apple TV', 'Apple TV', 'Claro tv+', 'Amazon Prime Video', 'Amazon Video', 'HBO Max Amazon Channel', 'HBO Max', 'Netflix'];Li Fung é um prodígio de Kung Fu em Beijing, mas tudo muda quando se muda para Nova York com sua mãe. Entrando em uma competição de Karate, o professor de Li, Sr. Han, pede ajuda a Daniel LaRusso, trazendo as duas gerações de Karatê Kid em um filme.;['fung', 'prodígio', 'kung', 'beijing', 'tudo', 'muda', 'muda', 'nova', 'york', 'mãe', 'entrando', 'competição', 'karate', 'professor', 'han', 'pede', 'ajuda', 'daniel', 'larusso', 'trazendo', 'duas', 'gerações', 'karatê', 'kid', 'filme'];['li', 'fung', 'prodígi', 'kung', 'fu', 'beijing', 'tud', 'mud', 'mud', 'nov', 'york', 'mãe', 'entr', 'compet', 'karat', 'profes', 'li', 'sr', 'han', 'ped', 'ajud', 'daniel', 'laruss', 'traz', 'dua', 'ger', 'karat', 'kid', 'film'];86%(925);58%;6.3  (31k);['Ação & Aventura', 'Drama', 'Família', 'Esporte & Fitness'];1h 34min;12
https://www.justwatch.com/br/filme/how-to-train-your-dragon-2025;Como Treinares o Teu Dragão(2025);(2025);['Apple TV', 'Apple TV', 'Apple TV', 'Amazon Prime Video', 'Amazon Video', 'Amazon Video'];Contando o começo da história de Soluço, o filme live-action de Como Treinar o Seu Dragão foca no jovem viking que não se encaixa em sua sociedade brutal. Quando Soluço faz amizade com Banguela, um jovem dragão, ele precisa decidir quem quer ser em uma sociedade que caça dragões.;['contando', 'começo', 'história', 'soluço', 'filme', 'liveaction', 'treinar', 'dragão', 'foca', 'jovem', 'viking', 'encaixa', 'sociedade', 'brutal', 'soluço', 'faz', 'amizade', 'banguela', 'jovem', 'dragão', 'precisa', 'decidir', 'quer', 'sociedade', 'caça', 'dragões'];['cont', 'começ', 'histór', 'soluç', 'film', 'liveaction', 'trein', 'drag', 'foc', 'jov', 'viking', 'encaix', 'sociedad', 'brut', 'soluç', 'faz', 'amizad', 'banguel', 'jov', 'drag', 'precis', 'decid', 'qu', 'sociedad', 'caç', 'drag'];95%(2.2k);76%;7.8  (94k);['Fantasia', 'Família', 'Ação & Aventura', 'Comédia', 'Drama'];2h 5min;10
https://www.justwatch.com/br/filme/the-fantastic-four;O Quarteto Fantástico: Primeiros Passos(2025);(2025);['UCIcinemas', 'Cinesystem Cinemas', 'Amazon Prime Video', 'Kinoplex', 'Cineflix'];Sr. Fantástico, Mulher Invisível, Tocha Humana e a Coisa, enfrentam o poderoso Galactus em uma Nova York retrofuturista. Nos anos 60 em uma linha do tempo alternativa, o quarteto fantástico entra para o Universo Cinematográfico da Marvel.;['fantástico', 'mulher', 'invisível', 'tocha', 'humana', 'coisa', 'enfrentam', 'poderoso', 'galactus', 'nova', 'york', 'retrofuturista', 'ano', 'linha', 'tempo', 'alternativa', 'quarteto', 'fantástico', 'entra', 'universo', 'cinematográfico', 'marvel'];['sr', 'fant', 'mulh', 'invis', 'toch', 'human', 'cois', 'enfrent', 'poder', 'galactu', 'nov', 'york', 'retrofutur', 'ano', '60', 'linh', 'temp', 'altern', 'quartet', 'fant', 'entr', 'univers', 'cinematográf', 'marvel'];93%(2.4k);87%;7.3  (133k);['Ação & Aventura', 'Ficção Científica', 'Documentário', 'Super-Herói'];1h 55min;12
https://www.justwatch.com/br/filme/unknown-number-the-high-school-catfish;Número Desconhecido: Catfish no Liceu(2025);(2025);['Netflix', 'Netflix Standard with Ads', 'Amazon Prime Video'];Mensagens sórdidas e ofensivas inundam os telemóveis de um jovem casal de namorados. Quem as envia e porquê? Este documentário surpreendente revela a verdade chocante.;['mensagens', 'sórdidas', 'ofensivas', 'inundam', 'telemóveis', 'jovem', 'casal', 'namorados', 'envia', 'porquê', 'documentário', 'surpreendente', 'revela', 'verdade', 'chocante'];['mens', 'sórd', 'ofens', 'inund', 'telemó', 'jov', 'casal', 'namor', 'env', 'porqu', 'document', 'surpreend', 'revel', 'verdad', 'choc'];85%(827);80%;6.8  (12k);['Documentário', 'Crime'];1h 34min;16
https://www.justwatch.com/br/filme/o-ultimo-destino-6;O Último Destino: Descendência(2025);(2025);['HBO Max Amazon Channel', 'Apple TV', 'Apple TV', 'Apple TV', 'Amazon Prime Video', 'Claro tv+', 'Amazon Video', 'Amazon Video', 'HBO Max Amazon Channel', 'HBO Max'];Stefani é uma jovem universitária que tem sonhos macabros com a morte de toda a sua família. No sexto filme de Premonição, a jovem pede ajuda a sua avó para quebrar o ciclo fatal, mas não é nada fácil escapar da Morte.;['stefani', 'jovem', 'universitária', 'sonhos', 'macabros', 'morte', 'toda', 'família', 'sexto', 'filme', 'premonição', 'jovem', 'pede', 'ajuda', 'avó', 'quebrar', 'ciclo', 'fatal', 'nada', 'fácil', 'escapar', 'morte'];['stefan', 'jov', 'universitár', 'sonh', 'macabr', 'mort', 'tod', 'famíl', 'sext', 'film', 'premon', 'jov', 'ped', 'ajud', 'avó', 'quebr', 'cicl', 'fatal', 'nad', 'fácil', 'escap', 'mort'];91%(4.4k);92%;6.8  (127k);['Terror', 'Mistério & Thriller', 'Thriller de Mistério'];1h 50min;18
https://www.justwatch.com/br/filme/nosferatu-2023;Nosferatu(2024);(2024);['Amazon Prime Video', 'Apple TV', 'Amazon Prime Video', 'Apple TV', 'Amazon Prime Video', 'Apple TV', 'Claro tv+', 'Amazon Video', 'Amazon Video', 'Claro video', 'Amazon Prime Video with Ads'];"No século XIX, o vampiro Conde Orlok, baseado em ""Drácula”, busca por uma casa na Alemanha em uma adaptação do filme clássico, Nosferatu. Porém, o vampiro acaba se apaixonando pela esposa do corretor de imóveis, lançando todos em uma história repleta de horrores.";['século', 'xix', 'vampiro', 'conde', 'orlok', 'baseado', 'drácula', 'busca', 'casa', 'alemanha', 'adaptação', 'filme', 'clássico', 'nosferatu', 'porém', 'vampiro', 'acaba', 'apaixonando', 'esposa', 'corretor', 'imóveis', 'lançando', 'todos', 'história', 'repleta', 'horrores'];['sécul', 'xix', 'vampir', 'cond', 'orlok', 'base', 'drácul', '”', 'busc', 'cas', 'alemanh', 'adapt', 'film', 'cláss', 'nosferatu', 'porém', 'vampir', 'acab', 'apaixon', 'esp', 'corre', 'imóvel', 'lanç', 'tod', 'histór', 'replet', 'horr'];84%(8.4k);84%;7.2  (233k);['Terror', 'Fantasia', 'Fantasia Sombria'];2h 13min;16
https://www.justwatch.com/br/filme/the-map-that-leads-to-you;O Mapa Que Me Leva Até Você(2025);(2025);['Amazon Prime Video', 'Amazon Prime Video', 'Amazon Prime Video with Ads', 'Amazon Prime Video'];Viajando pela Europa com suas amigas, a jovem Heather (Madelyn Cline) tem sua vida inteira planejada. Quando conhece um rapaz misterioso, Jack (KJ Apa), que leva uma vida com menos estrutura, Heather vai em uma nova trajetória que leva os dois para um novo destino.;['viajando', 'europa', 'amigas', 'jovem', 'heather', 'madelyn', 'cline', 'vida', 'inteira', 'planejada', 'conhece', 'rapaz', 'misterioso', 'jack', 'apa', 'lev', 'vida', 'menos', 'estrutura', 'heather', 'vai', 'nova', 'trajetória', 'lev', 'doi', 'novo', 'destino'];['viaj', 'europ', 'amig', 'jov', 'heath', 'madelyn', 'clin', 'vid', 'int', 'planej', 'conhec', 'rapaz', 'misteri', 'jack', 'kj', 'apa', 'lev', 'vid', 'menos', 'estrut', 'heath', 'vai', 'nov', 'trajetór', 'lev', 'doi', 'nov', 'destin'];73%(527);38%;6.2  (8k);['Drama', 'Romance', 'Drama Romântico'];1h 36min;14
https://www.justwatch.com/br/filme/eenie-meanie;Motorista de Fuga(2025);(2025);['Disney Plus', 'Disney Plus', 'Amazon Prime Video'];Como uma motorista de fuga adolescente reformada, a vida de Edie vira de cabeça para baixo quando reencontra o seu ex-namorado trambiqueiro, John. Com um chefe do crime ameaçando a vida de John, ela precisa retornar para a vida do crime para assaltar um cassino e salvar a vida de seu ex.;['motorista', 'fuga', 'adolescente', 'reformada', 'vida', 'edie', 'vira', 'cabeça', 'baixo', 'reencontra', 'exnamorado', 'trambiqueiro', 'john', 'chefe', 'crime', 'ameaçando', 'vida', 'john', 'precisa', 'retornar', 'vida', 'crime', 'assaltar', 'cassino', 'salvar', 'vida'];['motor', 'fug', 'adolesc', 'reform', 'vid', 'edi', 'vir', 'cabeç', 'baix', 'reencontr', 'exnamor', 'trambic', 'john', 'chef', 'crim', 'ameaç', 'vid', 'john', 'precis', 'retorn', 'vid', 'crim', 'assalt', 'cassin', 'salv', 'vid', 'ex'];72%(578);40%;5.9  (8k);['Ação & Aventura', 'Comédia', 'Mistério & Thriller', 'Drama', 'Ação e Comédia'];1h 46min;16
https://www.justwatch.com/br/filme/talk-to-me-2022;Fala Comigo(2023);(2023);['HBO Max Amazon Channel', 'Apple TV', 'Apple TV', 'Apple TV', 'Amazon Prime Video', 'Amazon Video', 'Amazon Video', 'Claro video', 'HBO Max Amazon Channel', 'HBO Max'];Um grupo de amigos descobre uma mão embalsamada que lhes permite conjurar espíritos. Viciado na emoção, um deles vai longe demais e abre a porta para o mundo espiritual.;['grupo', 'amigo', 'descobre', 'mão', 'embalsamada', 'permite', 'conjurar', 'espíritos', 'viciado', 'emoção', 'vai', 'longe', 'demais', 'abre', 'porta', 'mundo', 'espiritual'];['grup', 'amig', 'descobr', 'mão', 'embalsam', 'permit', 'conjur', 'espírit', 'vici', 'emoç', 'vai', 'long', 'demal', 'abr', 'port', 'mund', 'espirit'];NAOAVALIADO;NAOAVALIADO;7.1  (197k);['Terror', 'Mistério & Thriller', 'Suspense de Terror'];1h 35min;16
https://www.justwatch.com/br/filme/nobody-2;Ninguém 2(2025);(2025);['Amazon Prime Video'];Bob Odenkirk retorna como Hutch Mansell, o ex-assassino letal, agora pai suburbano, quatro anos após os eventos do primeiro filme. Saindo de férias com sua família, o passado de Hutch atrapalha toda a diversão quando descobre um operador de parque corrupto, um xerife questionável e uma chefe do crime perigosa.;['bob', 'odenkirk', 'retorna', 'hutch', 'mansell', 'exassassino', 'letal', 'agora', 'pai', 'suburbano', 'quatro', 'ano', 'após', 'eventos', 'primeiro', 'filme', 'saindo', 'férias', 'família', 'passado', 'hutch', 'atrapalha', 'toda', 'diversão', 'descobre', 'operador', 'parque', 'corrupto', 'xerife', 'questionável', 'chefe', 'crime', 'perigosa'];['bob', 'odenkirk', 'retorn', 'hutch', 'mansell', 'exassassin', 'letal', 'agor', 'pai', 'suburb', 'quatr', 'ano', 'após', 'event', 'prim', 'film', 'saind', 'férias', 'famíl', 'pass', 'hutch', 'atrapalh', 'tod', 'divers', 'descobr', 'oper', 'parqu', 'corrupt', 'xerif', 'question', 'chef', 'crim', 'perig'];90%(492);78%;6.4  (30k);['Mistério & Thriller', 'Crime', 'Ação & Aventura', 'Comédia', 'Thriller de Ação'];1h 29min;16
https://www.justwatch.com/br/filme/corra-que-a-policia-vem-ai;Aonde É que Pára a Polícia?(1988);(1988);['Paramount+ Amazon Channel', 'Apple TV', 'Apple TV', 'Apple TV', 'Amazon Prime Video', 'Netflix', 'Netflix Standard with Ads', 'Paramount Plus', 'Amazon Video', 'Amazon Video', 'Paramount+ Amazon Channel', 'Paramount Plus Premium'];Frank Drebin é um detetive pra lá de incompetente, mas ele pode ser o único capaz de salvar a Rainha Elizabeth II. Nesta comédia hilária, Frank faz de tudo para impedir o jogador de beisebol que sofreu lavagem cerebral, de executar o atentado.;['frank', 'drebin', 'detetive', 'pra', 'incompetente', 'pode', 'único', 'capaz', 'salvar', 'rainha', 'elizabeth', 'nesta', 'comédia', 'hilária', 'frank', 'faz', 'tudo', 'impedir', 'jogador', 'beisebol', 'sofreu', 'lavagem', 'cerebral', 'executar', 'atentado'];['frank', 'drebin', 'detetiv', 'pra', 'lá', 'incompet', 'pod', 'únic', 'capaz', 'salv', 'rainh', 'elizabeth', 'ii', 'nest', 'coméd', 'hilár', 'frank', 'faz', 'tud', 'imped', 'jog', 'beisebol', 'sofr', 'lav', 'cerebr', 'execut', 'atent'];94%(11k);88%;7.6  (212k);['Comédia', 'Crime', 'Ação e Comédia'];1h 26min;L
https://www.justwatch.com/br/filme/nobody;Ninguém(2021);(2021);['Apple TV', 'Apple TV', 'Apple TV', 'Amazon Prime Video', 'Amazon Video', 'Amazon Video', 'Claro video'];Por vezes, o homem em quem ninguém repara é o mais perigoso de todos... Bob Odenkirk interpreta Hutch Mansell, um pai e marido negligenciado, que tudo aceita, sem nunca reclamar. Ele não é ninguém. Numa noite, dois ladrões invadem a casa de Hutch e este recusa defender-se a si e à sua família, na esperança de evitar uma escalada de violência. O filho adolescente, Blake, fica desiludido com o pai e a sua mulher, Becca, parece afastar-se cada vez mais dele. Após o assalto, a fúria de Hutch desencadeia instintos adormecidos, levando-o por um caminho que irá trazer à tona segredos mais sombrios e capacidades mortíferas. Num cenário de luta, armas e derrapagens, Hutch tem de salvar a sua família de um perigoso adversário e garantir que nunca mais será subestimado.;['vezes', 'homem', 'ninguém', 'repara', 'perigoso', 'todos', 'bob', 'odenkirk', 'interpreta', 'hutch', 'mansell', 'pai', 'marido', 'negligenciado', 'tudo', 'aceita', 'nunca', 'reclamar', 'ninguém', 'noite', 'doi', 'ladrões', 'invadem', 'casa', 'hutch', 'recusa', 'defenderse', 'família', 'esperança', 'evitar', 'escalada', 'violência', 'filho', 'adolescente', 'blake', 'fica', 'desiludido', 'pai', 'mulher', 'becca', 'parece', 'afastarse', 'cada', 'vez', 'após', 'assalto', 'fúria', 'hutch', 'desencadeia', 'instintos', 'adormecidos', 'levandoo', 'caminho', 'irá', 'trazer', 'tona', 'segredos', 'sombrios', 'capacidades', 'mortíferas', 'cenário', 'luta', 'armas', 'derrapagens', 'hutch', 'salvar', 'família', 'perigoso', 'adversário', 'garantir', 'nunca', 'subestimado'];['vez', 'hom', 'ninguém', 'rep', 'perig', 'tod', 'bob', 'odenkirk', 'interpret', 'hutch', 'mansell', 'pai', 'marid', 'negligenci', 'tud', 'aceit', 'nunc', 'reclam', 'ninguém', 'noit', 'doi', 'ladr', 'invad', 'cas', 'hutch', 'recus', 'defenders', 'si', 'famíl', 'esperanç', 'evit', 'escal', 'viol', 'filh', 'adolesc', 'blak', 'fic', 'desilud', 'pai', 'mulh', 'becc', 'parec', 'afastars', 'cad', 'vez', 'após', 'assalt', 'fúr', 'hutch', 'desencade', 'instint', 'adormec', 'levando', 'caminh', 'irá', 'traz', 'ton', 'segred', 'sombri', 'capac', 'mortíf', 'cen', 'lut', 'arm', 'derrap', 'hutch', 'salv', 'famíl', 'perig', 'advers', 'garant', 'nunc', 'subestim'];95%(35k);84%;7.4  (371k);['Mistério & Thriller', 'Crime', 'Drama', 'Ação & Aventura', 'Thriller de Ação'];1h 32min;18
https://www.justwatch.com/br/filme/the-conjuring-4-extrema-uncao;The Conjuring 4: Extrema-Unção(2025);(2025);['UCIcinemas', 'Cinesystem Cinemas', 'Amazon Prime Video', 'Kinoplex', 'Cineflix'];Ed e Lorraine retornam em sua última investigação no caso aterrorizante com entidades misteriosas. O casal paranormal precisa encarar seus maiores medos, arriscando suas vidas mais uma vez na luta contra forças malignas que desafiam a compreensão.;['lorraine', 'retornam', 'última', 'investigação', 'caso', 'aterrorizante', 'entidades', 'misteriosas', 'casal', 'paranormal', 'precisa', 'encarar', 'maiores', 'medos', 'arriscando', 'vidas', 'vez', 'luta', 'contra', 'forças', 'malignas', 'desafiam', 'compreensão'];['ed', 'lorrain', 'retorn', 'últ', 'investig', 'cas', 'aterroriz', 'entidad', 'misteri', 'casal', 'paranorm', 'precis', 'encar', 'mai', 'med', 'arrisc', 'vid', 'vez', 'lut', 'contr', 'forç', 'malign', 'desaf', 'compreens'];83%(463);57%;6.5  (27k);['Terror', 'Mistério & Thriller', 'Suspense de Terror'];2h 15min;16
https://www.justwatch.com/br/filme/verdens-verste-menneske;A Pior Pessoa do Mundo(2021);(2021);['Amazon Prime Video', 'Apple TV', 'Amazon Prime Video', 'Apple TV', 'Amazon Prime Video', 'Apple TV', 'Amazon Video', 'Amazon Video', 'Amazon Prime Video with Ads'];Julie é jovem, bonita, inteligente e não sabe exatamente o que deseja em uma carreira ou parceiro. Uma noite ela conhece Aksel, um conhecido romancista gráfico 15 anos mais velho que ela, e eles rapidamente se apaixonam. Todavia, ela também conhece um barista de café, Eivind, que também está em um relacionamento. Julie tem que decidir, não apenas entre dois homens, mas também quem ela é e quem ela quer ser.;['julie', 'jovem', 'bonita', 'inteligente', 'sabe', 'exatamente', 'deseja', 'carreira', 'parceiro', 'noite', 'conhece', 'aksel', 'conhecido', 'romancista', 'gráfico', 'ano', 'velho', 'rapidamente', 'apaixonam', 'todavia', 'conhece', 'barista', 'café', 'eivind', 'relacionamento', 'julie', 'decidir', 'apenas', 'doi', 'homens', 'quer'];['juli', 'jov', 'bonit', 'intelig', 'sab', 'exat', 'desej', 'carr', 'parc', 'noit', 'conhec', 'aksel', 'conhec', 'romanc', 'gráf', '15', 'ano', 'velh', 'rapid', 'apaixon', 'todav', 'conhec', 'barist', 'café', 'eivind', 'relacion', 'juli', 'decid', 'apen', 'doi', 'hom', 'qu'];87%(8.8k);96%;7.7  (103k);['Drama', 'Romance', 'Comédia', 'Comédia Romântica', 'Comédia Dramática'];2h 8min;16
https://www.justwatch.com/br/filme/the-medium;The Médium(2021);(2021);['Amazon Prime Video', 'Apple TV', 'Amazon Prime Video', 'Apple TV', 'Amazon Prime Video', 'Apple TV', 'Amazon Prime Video with Ads'];Na remota região de Isan, na Tailândia, uma família xamã luta contra forças ancestrais quando Nim, uma médium em treinamento, começa a exibir comportamentos cada vez mais perturbadores. O que parece ser a bênção da Deusa Bayan, revela uma presença muito mais sombria e violenta. Enquanto rituais falham e o terror se intensifica, a verdade emerge: alguns legados não são divinos — são pragas disfarçadas de devoção.;['remota', 'região', 'isan', 'tailândia', 'família', 'xamã', 'luta', 'contra', 'forças', 'ancestrais', 'nim', 'médium', 'treinamento', 'começa', 'exibir', 'comportamentos', 'cada', 'vez', 'perturbadores', 'parece', 'bênção', 'deusa', 'bayan', 'revela', 'presença', 'sombria', 'violenta', 'enquanto', 'rituais', 'falham', 'terror', 'intensifica', 'verdade', 'emerge', 'alguns', 'legados', 'divinos', 'pragas', 'disfarçadas', 'devoção'];['remot', 'reg', 'isan', 'tailând', 'famíl', 'xamã', 'lut', 'contr', 'forç', 'ancestr', 'nim', 'médium', 'trein', 'começ', 'exib', 'comport', 'cad', 'vez', 'perturb', 'parec', 'bênç', 'deus', 'bayan', 'revel', 'presenç', 'sombr', 'violent', 'enquant', 'rit', 'falh', 'terr', 'intensif', 'verdad', 'emerg', 'algum', 'leg', 'divin', '—', 'prag', 'disfarç', 'devoç'];76%(1.3k);80%;6.5  (16k);['Terror', 'Mistério & Thriller', 'Drama', 'Suspense de Terror'];2h 11min;16
